SELECT SECTION NAME,circle_code
211-GUINDY,400
212-RAJBHAVAN,400
225-KODAMBAKKAM,400
226-RANGARAJAPURAM,400
227-VIRUGAMBAKKAM,400
228-ASHOKNAGAR WEST,400
229-KK NAGAR EAST,400
230-KK NAGAR WEST,400
231-PORUR I,400
232-POONAMALLE NORTH,400
233-MANGADU,400
234-KUNDRATHUR TOWN,400
236-CHOOLAIMEEDU,400
237-KK NAGAR SOUTH,400
238-ASHOK NAGAR EAST,400
239-VADAPALANI,400
240-VALASARAVAKKAM,400
241-ALANDUR,400
242-ST. THOMAS MOUNT,400
243-ADAMBAKKAM,400
244-NANGANALLUR,400
245-MADIPAKKAM,400
260-CHINMAYANAGAR,400
261-NANDAMBAKKAM,400
263-PORUR 2,400
264-MOOVARASAMPET,400
266-SOMANGALAM,400
268-T.G.NAGAR,400
269-DASARATHPURAM,400
270-RAMAPURAM,400
274-AYYAPANTHANGAL,400
278-SALIGRAMAM,400
279-VANUVAMPET,400
281-NAZARATHPET,400
282-PARIVAKKAM,400
285-ALAGIRI NAGAR,400
286-MGR NAGAR,400
287-ALWARTHIRU NAGAR,400
301-MUGALIVAKKAM,400
302-PUZHUTHIVAKKAM,400
303-GERUGAMBAKKAM,400
304-KOVOOR,400
305-KUNDRATHUR RURAL,400
306-THIRUMUDIVAKKAM,400
307-THIRUMUDIVAKKAM IE,400
308-KUMANCHAVADI,400
309-POONAMALLE SOUTH,400
310-KARAMBAKKAM,400
318-THIRUMUDIVAKKAM RURAL,400
319-PARANIPUTHUR,400
320-MADHANANDHPURAM,400
322-MANAPAKKAM,400
324-PORUR RURAL,400
201-ADYAR,401
202-SASTRI NAGAR,401
203-INDRA NAGAR,401
204-PERUNGUDI NORTH,401
206-PALAVAKKAM,401
210-VELACHERY WEST,401
213-BESANT NAGAR,401
214-THORAIPAKKAM,401
217-THIRUVANMIYUR,401
218-ENJAMBAKKAM,401
220-THARAMANI,401
246-PALLAVARAM EAST,401
247-PAMMAL,401
248-RADHA NAGAR,401
249-MEDAVAKKAM,401
250-WEST TAMBARAM,401
251-EAST TAMBARAM,401
252-CHROMEPET,401
253-PERUNGALATHUR,401
254-PALLAVARAM WEST,401
255-KADAPPERI,401
256-SELAIYUR,401
257-NEHRU NAGAR,401
258-ANAGAPUTHUR,401
259-KILKATTALAI,401
262-CHINNAMALAI,401
265-PERUNGUDY SOUTH,401
273-SEMBAKKAM,401
275-VELACHERY EAST,401
277-KOTTIVAKKAM,401
280-SHOLINGANALLUR,401
283-CHITLAPAKKAM,401
284-MUDICHUR,401
288-VELACHERY CENTRAL,401
293-NEW COLONY,401
294-NEELANKARAI,401
295-SEMMENCHERRY,401
296-SIRUSERI,401
297-KARAPAKKAM,401
298-KANTHANCHAVADI,401
299-MCN NAGAR,401
300-TIDEL PARK,401
311-POZHICHALUR,401
312-PALLIKARANAI,401
313-MADAMBAKKAM,401
314-HASTHINAPURAM,401
315-SITHALAPAKKAM  TNSCB ,401
316-KOVILAMBAKKAM,401
317-GOWRIVAKKAM,401
327-SOLINGANALLUR NORTH,401
328-PANAIYUR,401
329-NANMANGALAM,401
330-JALLADIANPET,401
331-S.KOLATHUR,401
332-NARAYANAPURAM,401
333-ARASANKALANI,401
334-PERUMBAKKAM,401
101-ANNA SALAI,402
102-CHINDHATRIPET,402
103-CHEPAUK,402
104-ESPLANADE,402
105-SK NAGAR,402
106-MUTHIALPET,402
107-SOWCARPET WEST,402
108-KONDITHOPE,402
109-SEVEN WELLS,402
110-FLOWER BAZAAR,402
113-PUDUPET,402
121-TRIPLICANE,402
122-ICE HOUSE,402
123-ROYAPETTAH II,402
124-MYLAPORE EAST,402
125-MYLAPORE WEST,402
126-SANTHOME,402
127-MANDAVELI,402
128-LUZ,402
129-NUNGAMBAKKAM,402
131-THOUSAND LIGHTS,402
132-ALWARPET,402
133-GOPALAPURAM,402
134-WHITES ROAD,402
135-FORESHORE ESTATE,402
136-COLLEGE ROAD,402
137-BALAJINAGAR,402
141-CHOOLAI,402
142-EGMORE,402
143-PANTHEON ROAD,402
144-PERIAMET,402
145-COOKS ROAD,402
146-KILPAUK,402
147-PULIANTHOPE,402
148-PURASAIWAKKAM,402
149-KELLYS,402
150-NAMMALWARPET,402
151-OTTERI,402
152-SOWCARPET EAST,402
153-VEPERY,402
154-SOWCARPET CENTRAL,402
181-USMAN ROAD,402
182-CIT NAGAR_II,402
191-GP ROAD,402
192-GOVT ESTATE,402
193-TV PET,402
194-MANNADY,402
195-PARK TOWN,402
207-SAIDAPET EAST,402
208-TEYNAMPET,402
209-RA PURAM,402
215-NANDHANAM,402
216-SAIDAPET WEST,402
221-TNAGAR NORTH,402
222-TNAGAR CENTRAL,402
223-TNAGAR SOUTH,402
224-WEST MAMBALAM_I,402
235-TNAGAR EAST,402
271-CIT NAGAR_I,402
272-WEST MAMBALAM_II,402
001-ROYAPURAM,404
002-KALMANDAPAM,404
003-NEW WASHERMENPET,404
004-VOC NAGAR,404
005-KALADIPET,404
006-RK NAGAR,404
007-NAPPALAYAM,404
008-MINJUR TOWN,404
009-MINJUR EAST,404
010-MINJUR WEST,404
011-TONDIARPET ,404
012-TONDIARPET SS,404
013-KORRUKUPET,404
014-MANALI NEW TOWN,404
015-MANALI,404
016-ERNAVOOR,404
017-STANLY,404
018-MATHUR,404
019-MR NAGAR,404
020-VADAPERUMBAKKAM,404
021-THIRUVOTRIYUR ,404
022-THIRUVOTRIYUR SS,404
023-ENNORE,404
024-KALADIPET SS,404
025-MELUR,404
026-LAKSHMIPURAM,404
027-POOMBUHAR NAGAR,404
028-GANDHI NAGAR,404
029-TAGORE NAGAR,404
030-THIRU VI KA NAGAR,404
045-RETTERI,404
060-SATHANGADU,404
061-PERUMBUR EAST,404
062-PERAMBUR WEST,404
063-VILLIVAKKAM,404
064-AYANAVARAM,404
065-SEMBIUM,404
066-MADHAVARAM I,404
067-VYASARPADI,404
068-VALLALAR NAGAR,404
069-KODUNGAIYUR,404
070-MKB NAGAR,404
071-AGARAM,404
072-RAJAJI NAGAR,404
073-MADHAVARAM II,404
074-MANJAMBAKKAM,404
075-KOLATHUR,404
076-KKD NAGAR,404
077-SIDCO,404
078-ICF,404
079-KRISHNAMOORTHY NAGAR,404
080-PULICAT,404
081-ANDARKUPAM,404
082-PONNERI TOWN,404
083-PONNERI WEST,404
084-PONNERI EAST,404
085-PONNERI SS,404
087-PONNERI SOUTH,404
088-MEDHUR,404
089-ARANI,404
090-KAVARAPETTAI,404
091-PANJETTY,404
092-MADHARPAKKAM,404
093-GUMMIDIPOONDI TOWN,404
094-GUMMIDIPOONDI RURAL,404
095-SIPCOT I,404
096-ELAVOOR,404
097-IRULIPET,404
098-POOVALEMBEDU,404
099-SIPCOT II,404
100-DEVAMBEDU,404
031-AMBATHUR CENTRAL,406
032-AYYAPAKKAM,406
033-THIRUVERKADU,406
035-I.E SOUTH,406
036-I.E NORTH,406
037-MANGALAPURAM,406
038-KORATTUR,406
039-PADI,406
040-J.J NAGAR   NORTH,406
041-MENAMBEDU,406
042-J.J NAGAR   SOUTH,406
043-J.J.NAGAR WEST,406
046-AVADI SOUTH,406
047-AVADI NORTH,406
048-PONDESWARAM,406
049-KAMARAJ NAGAR,406
050-PATTABIRAM,406
051-PUZHAL,406
052-REDHILLS I,406
053-REDHILLS II,406
054-ALAMATHY,406
055-THIRUMULLAIVOYAL,406
056-SHOLAVARAM,406
057-SOTHUPERUMEDU,406
161-ANNA NAGAR CENTRAL,406
162-THIRUVALEESWARAR NAGAR,406
163-SHENOY NAGAR,406
164-ARUMBAKKAM,406
165-CHETPET,406
166-MADURAVOYL NORTH,406
167-AMINJIKARAI,406
168-ANNA NAGAR WEST,406
169-ANNA NAGAR NORTH,406
170-KOYAMBEDU,406
171-MAHALINGAPURAM,406
172-M M D A,406
176-NERKUNDRAM EAST,406
401-SANTHI COLONY,406
402-MADURAVOYAL SOUTH,406
403-ALAPAKKAM,406
404-PORUR GARDEN,406
405-VANAGARAM,406
406-NERKUNDRAM WEST,406
426-PONNIAMMAN NAGAR,406
427-VELAPPANCHAVADI,406
428-PULIAMBEDU,406
429-IE CENTRAL,406
430-PATTARAVAKKAM,406
431-JJ NAGAR CENTRAL,406
432-KRISHNA NAGAR,406
433-ORAGADAM,406
434-BANU NAGAR,406
435-THIRUVENKATANAGAR,406
436-AYANAMBAKKAM,406
437-NOLAMBUR,406
438-MANNURPET,406
439-ADAYALAMPET,406
440-ATHIPET AMBATTUR,406
441-KALLIKUPPAM,406
442-ANNAI NAGAR,406
451-SEKKADU,406
452-A.E. T.N.H.B. AVADI.,406
453-SIDCO THIRUMULLAIVOYAL,406
454-GRAND LYON,406
455-PADIYANALLUR,406
456-ARUMANTHAI,406
457-PARUTHIPATTU,406
458-MITTANAMALEE,406
459-SENTHIL NAGAR,406
460-KOVILPATHAGAI,406
461-VEERAPURAM,406
462-VILANGADUPAKKAM,406
306-SIRUKAVERIPAKKAM,410
307-ASHOK NAGAR,410
309-PARANDUR,410
310-NEERVALUR,410
311-NORTH PALLUR,410
321-BALUCHETTY CHATRAM,410
322-DAMAL,410
323-MUSARAVAKKAM,410
324-MAGARAL,410
325-PERUNAGAR,410
327-RURAL WALAJABAD,410
328-TOWN WALAJABAD,410
329-THIRUMUKKUDAL,410
330-KALIYAMPOONDI,410
331-MANAMPATHI,410
332-NELVOY,410
333-RURAL UTHIRAMERUR,410
334-TOWN UTHIRAMERUR,410
341-TOWN 1 TIRUTTANI,410
342-TOWN 2 TIRUTTANI,410
343-RURAL NORTH TIRUTTANI,410
344-K.K.CHATRAM,410
345-POONIMANGADU,410
346-RURAL EAST TIRUTTANI,410
347-RURAL WEST TIRUTTANI,410
348-K.G.KANDIGAI,410
349-ERUMBI,410
350-R.K.PET,410
351-V.PUDUR,410
352-PALLIPET,410
353-TOWN PODATURPET,410
354-RURAL A.J.PET,410
355-TOWN A.J.PET,410
356-AMMAIYARKUPPAM,410
361-NORTH TIRUVALLUR,410
362-RAMANJERI,410
363-WEST TIRUVALLUR,410
364-TOWN TIRUVALLUR,410
365-M.V.NAGAR,410
366-POONDI,410
367-RURAL TIRUVALLUR,410
368-VENGAL,410
369-PALAVAKKAM,410
370-RURAL UTHUKOTTAI,410
371-WEST UTHUKOTTAI,410
372-SS UTHUKOTTAI,410
373-BANDIKAVANOOR,410
374-KANNIGAIPAIR,410
375-SOUTH PERIYAPALAYAM,410
376-WEST PERIYAPALAYAM,410
601-SIVA KANCHI,410
602-VISHNU KANCHI,410
603-SANKARAMADAM,410
604-PILLAIYARPALAYAM,410
605-ORIKKAI,410
608-SEVILIMEDU,410
612-WHITE GATE,410
626-IYYAMPET,410
635-RURAL PALUR,410
636-ELAYANAR VELUR,410
657-RURAL PODATURPET,410
677-URBAN PERIYAKUPPAM,410
501-TOWN CHENGALPATTU,411
502-CHETTIPUNNIYAM,411
503-SINGAPERUMAL KOIL,411
504-MEYYUR,411
505-SALAVAKKAM,411
506-BUKKATHURAI,411
507-TOWN TIRUKALUKUNDRAM,411
508-EAST TIRUKALUKUNDRAM,411
509-SOUTH TIRUKALUKUNDRAM,411
510-SADRAS,411
511-NERUMBUR,411
512-NENMELI,411
513-SOUTH CHENGALPATTU,411
514-ATHUR,411
515-ANNA NAGAR,411
516-MANAMATHY,411
517-ANJUR,411
521-MADURANTAGAM,411
522-KARUNKUZHI,411
523-BUDUR,411
524-RURAL MADURANTAGAM,411
525-WEST MADURANTAGAM,411
526-L.ENDATHUR,411
527-Z.ENDATHUR,411
528-RURAL KADUGAPATTU,411
529-CHEYYUR I,411
530-CHEYYUR II,411
531-KOOVATHUR,411
532-TOWN KADUGAPATTU,411
533-TOWN KADAPAKKAM,411
536-PILLAIPAKKAM,411
537-IRUNKATTUKOTTAI,411
538-SOUTH SRIPERUMPUDUR,411
539-NORTH SRIPERUMPUDUR,411
541-THANDALAM,411
542-SEMBARAMBAKKAM,411
544-THIRUMAZHISAI,411
545-SOUTH PERAMBAKKAM,411
546-NORTH PERAMBAKKAM,411
547-TOWN KADAMBATHUR,411
548-RURAL KADAMBATUR,411
549-THIRUVELANKADU,411
550-URBAN TIRUNINRAVUR,411
551-RURAL THIRUNINRAVUR,411
552-VELLIYUR,411
553-KILANUR,411
554-SEVAPET,411
555-THIRUNINDRAVUR NORTH,411
556-SIDCO SEMBARAMBAKKAM,411
557-ORAGADAM,411
558-MANNUR,411
559-SOUTH SUNGUVACHATHIRAM,411
560-NORTH SUNGUVACHATHIRAM,411
561-PAKKAM,411
562-VALLAKOTTAI,411
563-SIPCOT MAMBAKKAM,411
565-MARAIMALAINAGAR I,411
566-MARAIMALAINAGAR II,411
567-KATTANKULATHUR,411
568-WEST GUDUVANCHERI,411
569-GUDUVANCHERY EAST,411
570-PADAPAI,411
571-VANDALUR,411
572-TIRUPORUR,411
573-SEMBAKKAM,411
574-MAMALLAPURAM,411
575-ALATHUR,411
576-KANDIGAI,411
577-KELAMBAKKAM,411
578-MAMBAKKAM,411
579-KOVALAM,411
580-URAPAKKAM EAST,411
581-KOLAPAKKAM,411
582-KARASANGAL,411
583-GUDUVANCHERI TOWN,411
584-URAPAKKAM WEST,411
585-PADUR,411
586-TOWN ACHARAPAKKAM,411
587-ELAPAKKAM,411
588-RURAL ACHARAPAKKAM,411
589-ORATHY I,411
590-ORATHYII,411
591-THOZHUBEDU,411
592-MELMARUVATHUR,411
593-CHITHAMOOR,411
594-NUGUMBAL,411
595-CHUNAMBEDU,411
201-DHARAPADAVEDU,412
202-LATHERI,412
203-VADUGANTHANGAL,412
204-K.V. KUPPAM,412
205-SENJI,412
206-P.K.PURAM,412
207-KARNAMBUT,412
208-THIRUVALAM,412
209-MITTOOR,412
210-MELPADI,412
211-EAST GANDI NAGAR,412
212-URBAN KATPADI,412
213-WEST GANDHI NAGAR,412
216-CENTRE VELLORE,412
217-SALAVANPET,412
218-ARIYUR,412
219-USSOOR,412
220-KILARASAMBUT,412
221-SHANKARANPALAYAM,412
222-BAGAYAM,412
223-KAGITHAPATTARAI,412
224-WEST SATHUVACHARI,412
225-WEST VELLORE,412
226-THOTTAPALAYAM,412
227-VIRINJIPURAM,412
228-SHENBAKKAM,412
229-SATHUMADURAI,412
230-KANIYAMBADI,412
231-KEELPALLIPATTU,412
232-EAST SATHUVACHARI,412
236-URBAN I RANIPET,412
237-RURAL RANIPET,412
238-NAVALPUR,412
239-EAST SIPCOT,412
240-WEST SIPCOT,412
241-SIDCO,412
242-BHEL,412
243-URBAN WALAJA,412
244-RURAL WALAJA,412
245-AMMOOR,412
246-OZHUGHUR,412
247-URBAN II RANIPET,412
251-TOWN EAST ARCOT,412
252-WEST ARCOT,412
253-VISHARAM,412
254-KATHIYAVADI,412
255-KAVANUR,412
256-RATHINIGIRI,412
257-EAST TIMIRI,412
258-WEST TIMIRI,412
259-VILAPAKKAM,412
260-EAST KALAVAI,412
262-TOWN KALAVAI,412
263-K.VELUR,412
264-MAMBAKKAM,412
265-VAZHAPANDAL,412
266-PENNAGAR,412
267-CHAKRAMALLUR,412
271-TOWN SHOLINGHUR,412
272-RURAL SHOLINGHUR,412
273-PONNAI,412
274-KODIKKAL,412
275-M.V.PURAM,412
276-BANAVARAM,412
277-KAVERIPAKKAM,412
278-OCHERI,412
279-TOWN PANAPAKKAM,412
280-RURAL PANAPAKKAM,412
283-TOWN ARAKKONAM,412
284-RURAL EASR ARAKKONAM,412
285-RURAL NORTH ARAKKONAM,412
286-RURAL SOUTH ARAKKONAM,412
287-NAGAVEDU,412
288-WEST NEMILI,412
289-PUNNAI,412
290-MINNAL,412
291-GURURAJAPET,412
292-KUMMINIPET,412
293-TOWN THOKKOLAM,412
294-RURAL THOKKOLAM,412
295-ARIGILPADI,412
296-EAST NEMILI,412
297-WEST PALLUR,412
401-TOWN I TIRUPATTUR,413
402-TOWN II TIRUPATTUR,413
403-NORTH TIRUPATTUR,413
404-EAST PUDUPET,413
405-WEST PUDUPET,413
406-KANDHILI,413
407-VENGALAPURAM,413
408-VISHAMANGALAM,413
409-PERAMBUT,413
410-SINGARAPET,413
411-MADAVALAM,413
412-KURSILAPET,413
413-MITTUR,413
414-WEST TIRUPATTUR,413
415-KORATTY,413
416-KUNICHI,413
417-SUNDRAMPALLI,413
421-TOWN VANIYAMBADI,413
422-NORTH VANIYAMBADI,413
423-SOUTH VANIYAMBADI,413
424-VALAYAMBUT,413
425-KETHANDAPATTY,413
426-PERUMALPET,413
427-UDAYENDIRAM,413
428-VADACHERRY,413
429-NORTH NATRAMPALLI,413
430-SOUTH NATRAMPALLI,413
431-JOLARPET,413
432-AMBALUR,413
433-RURAL ALANGAYAM,413
434-VELLAKUTTAI,413
435-KAVALUR HILLS,413
436-YELAGIRI HILLS,413
441-TOWN AMBUR,413
442-WEST AMBUR,413
443-East Ambur,413
444-THUTHIPET,413
445-ALINJIKUPPAM,413
446-VINNAMANGALAM,413
447-SOUTH AMBUR,413
448-KARUMBUR,413
449-ALANKUPPAM,413
450-PALLIKONDA,413
451-AGARAMCHERRI,413
452-MADHANUR,413
453-EAST ODUGATHUR,413
454-WEST ODUGATHUR,413
455-VEPPANKUPPAM,413
456-TOWN ANAICUT,413
457-RURAL ANAICUT,413
461-URBAN I GUDIYATHAM,413
462-URBAN II GUDIYATHAM,413
463-SOUTH GUDIYATHAM,413
464-EAST GUDIYATHAM,413
465-PAKKAM,413
466-R.GOLLAPALLY,413
467-PARADHARAMI,413
468-MELPATTY,413
469-NELLOREPET,413
470-VALATHUR,413
471-MELALATHUR,413
472-TOWN PERNAMBUT,413
473-RURAL PERNAMBUT,413
474-CHINNAVARIGAM,413
475-NARIYAMBUT,413
476-SOUTH PERNAMBUT,413
201-TOWN EAST,414
202-TOWN WEST,414
203-KILNATHUR,414
204-THAMARAINAGAR,414
205-TOWN NORTH,414
206-RURAL 2,414
207-MALLAVADY,414
208-NORTHAMPOONDY,414
209-RURAL EAST,414
210-VANAPURAM,414
211-NALLAVANPALAYAM,414
212-ATHIYANDAL,414
213-NORTH THANDRAMPET,414
214-SOUTH THANDRAMPET,414
215-SS THANIPADI,414
216-RURAL THANIPADI,414
217-REDDIYAPALAYAM,414
218-RURAL 1,414
219-PERUNGALATHUR,414
221-TOWN WEST ARNI,414
222-TOWN EAST ARNI,414
223-SEVOOR,414
224-VETTIANTHOZHUVOM,414
225-RURAL EAST ARNI,414
226-RURAL WEST ARNI,414
227-RURAL SOUTH ARNI,414
228-KALAMBUR,414
229-THIRUMANI,414
230-KANNAMANGALAM,414
231-ONNUPURAM,414
232-KATTUKANALLUR,414
233-EAST SANTHAVASAL,414
234-WEST SANTHAVASAL,414
235-PADAVEDU,414
236-KELUR,414
237-S.V.NAGARAM,414
238-IRUMBEDU,414
239-VELLERI,414
240-TOWN NORTH ARNI,414
241-TOWN THIRUVATHIPURAM,414
242-RURAL EAST THIRUVATHIPURAM,414
243-RURAL NORTH THIRUVATHIPURAM,414
244-RURAL SOUTH THIRUVATHIPURAM,414
245-KORUKKAI,414
246-SENGADU,414
247-MADURAI,414
248-KOVILUR,414
249-AKKUR,414
250-PALLI,414
251-PERUNAGAR,414
252-EAST BRAMMADESAM,414
253-WEST BRAMMADESAM,414
254-PERUNGATTUR,414
255-RANDAM,414
256-VEMBAKKAM,414
257-ABDULLAPURAM,414
258-MAMANDUR,414
261-NORTH VANDAVASI,414
262-SOUTH VANDAVASI,414
263-MARUDHADU,414
264-KILKODUNGALORE,414
265-OSSUR,414
266-NALLUR,414
267-PURISAI,414
268-VALLAM,414
269-TOWN THELLAR,414
270-RURAL THELLAR,414
271-DESUR,414
272-PONNUR,414
273-ANAIBOGI,414
281-TOWN POLUR,414
282-RURAL EAST POLUR,414
283-RURAL WEST POLUR,414
284-NORTH POLUR,414
285-VADAMATHIMANGALAM,414
286-ATHIMOOR,414
287-JAMUNAMARATHUR,414
288-MANDAKOLATHUR,414
289-LADAVARAM,414
290-KALASAPAKKAM,414
291-SS NAIDUMANGALAM,414
292-RURAL NAIDUMANGALAM,414
293-WEST ADHAMANGALAM,414
294-EAST ADHAMANGALAM,414
295-VILVARANI,414
301-RURAL SOUTH,414
302-THACHAMPATTU,414
303-VERAYUR,414
304-VEDANTHAVADY,414
305-NOOKAMBADI,414
306-MANGALAM,414
307-MANSURABATH,414
308-NORTH KILPENNATHUR,414
309-SOUTH KILPENNATHUR,414
310-SOMASIPADI,414
311-MEKKALUR,414
312-AVOOR,414
313-RAJANTHANGAL,414
314-KONALUR,414
315-VETTAVALAM,414
321-TOWN CHENGAM,414
322-RURAL CHENGAM,414
323-PARAMANANDAL,414
324-MELPALLIPATTU,414
325-PUDHUPALAYAM,414
326-KADALADY,414
327-KARAPET,414
328-KANJI,414
329-PERIYAKULAM,414
330-PACHAL,414
331-KOTTAKULAM,414
341-TOWN CHETPET,414
342-CENTRAL CHETPET,414
343-RURAL KOLAPPALUR,414
344-SS KOLAPPALUR,414
345-TOWN DEVIKAPURAM,414
346-EAST DEVIKAPURAM,414
347-WEST DEVIKAPURAM,414
348-PERNAMALLUR,414
349-MAZHAIYUR,414
350-KOTTUPAKKAM,414
351-MADAM,414
401-TOWN I VPM,416
402-TOWN II VPM,416
403-TOWN III VPM,416
404-RURAL EAST,416
405-PILLUR,416
406-URBAN SOUTH,416
407-RURAL WEST,416
408-KANAI,416
409-KAPPUR,416
410-KEDAR,416
411-POOTHAMEDU,416
412-ANNIYUR,416
413-THUMBUR,416
414-NEMUR,416
415-TOWN VIKRAVANDI,416
416-WEST VIKRAVANDI,416
417-PANAYAPURAM,416
418-MUNDIAMPAKKAM,416
419-VAZHADAVOOR,416
420-RADHAPURAM,416
421-CHITHALAMPATTU,416
422-JANAGIPURAM,416
431-EAST KANDAMANGALAM,416
432-WEST KANDAMANGALAM,416
433-PAKKAM,416
434-MANDAGAPATTU,416
435-SOUTH THIRUCHITRAMBALAM,416
436-NORTH THIRUCHITRAMBALAM,416
437-VANUR,416
438-KOTTAKUPPAM,416
439-URBAN VALAVANUR,416
440-RURAL VALAVANUR,416
441-KOLIYANUR,416
442-V.AGARAM,416
443-SORNAVOOR,416
444-RAMPAKKAM,416
445-MOKSHAKULAM,416
446-KODUR,416
447-POOTHURAI,416
448-KATTRAMPAKKAM,416
456-TOWN I TDM,416
457-TOWN II TDM,416
458-JAGGAMPETTAI,416
459-URAL,416
460-MANUR,416
461-BRAMMADESAM,416
462-MARAKANAM,416
463-MURUKKERY,416
464-KILIYANUR,416
465-UPPUVELLORE,416
466-DEEVANUR,416
467-KOLLAR,416
468-VADASIRUVALUR,416
469-VELLIMEDUPETTAI,416
470-SARAM,416
471-CHENDUR,416
472-MAILAM,416
473-V.PARANGINI,416
474-VEEDUR,416
475-RETTANAI,416
476-PERIYATHACHUR,416
477-ANUMANTHAI,416
478-THIRUVAKARAI,416
479-AVANIPUR,416
480-NALLALAM,416
481-NADUKUPPAM,416
485-TOWN GINGEE,416
486-EACHUR,416
487-PENNAGAR,416
488-DEVANUR,416
489-GUDUVAMPOONDI,416
490-ALAMPOONDY,416
491-THANDAVASAMUTHIRAM,416
492-SATHIYAMANGALAM,416
493-NALLANPILLAIPETRAL,416
494-SITTAMPOONDI,416
495-ANANTHAPURAM,416
496-VALLAM,416
497-MODAIYUR,416
498-AVALURPET,416
499-EDAPET,416
500-UNNAMANDAL,416
501-THAYANUR,416
518-VEERAPONDY,416
511-TOWN I THIRUKOILUR,417
512-TOWN II THIRUKOILUR,417
513-SITHALINGAMADAM,417
514-G.ARIYYUR,417
515-ARAKANDANALLUR,417
516-MUGAIYUR,417
517-KANDACHIPURAM,417
519-WEST THIRUKOILUR,417
520-THIRUPALAPANTHAL,417
521-MANALURPET,417
522-RISHIVANDIYAM,417
523-TOWN THIYAGADURUGAM,417
524-RURAL THIYAGADURUGAM,417
536-SANKARAPURAM,417
537-ARASAMPATTU,417
538-ALATHUR,417
539-PUTHUPATTU,417
540-PANDALAM,417
541-KADUVANUR,417
542-VADAPONPARAPPI,417
543-ARIYALUR,417
544-SERAPATTU,417
545-MOONGILTHURAIPATTU,417
549-EMAPPER,417
550-VELLIMALAI,417
551-TOWN KALLAKURICHI,417
552-EDUTHAVAINATHAM,417
553-KACHIRAPALAYAM,417
554-MATHUR,417
555-NORTH KALLAKURICHI,417
556-SOUTH KALLAKURICHI,417
557-SADAYAMPATTU,417
558-VIRUGAVOOR,417
559-NAGALUR,417
560-TOWN CHINNASALEM,417
561-KALASAMUTHIRAM,417
562-RAYAPPANUR,417
563-SIRUVATHUR,417
564-RURAL CHINNASALEM,417
565-THOTTIYAM,417
566-MELNARIYAPPANUR,417
567-NAINARPALAYAM,417
576-TOWN ULUNDURPET,417
577-SENGURICHI,417
578-ELAVANASURKOTTAI,417
579-ASANUR,417
580-SENDHANADU,417
581-PILLAIYARKUPPAM,417
582-RURAL WEST ULUNDURPET,417
583-EARIYUR,417
584-TOWN THIRUVENNAINALLUR,417
585-RURAL THIRUVENNAINALLUR,417
586-RURAL NORTH THIRUVENNAINALLUR,417
587-PERIYASEVALAI,417
588-ARASUR,417
589-ANATHUR,417
590-THIRUNAVALLUR,417
591-MADAPATTU,417
001-RURAL MANJAKUPPAM,418
002-URBAN MANJAKUPPAM,418
003-PUDUPALAYAM,418
004-NALLATHUR,418
005-PUDUKADAI,418
006-THIRUPAPULIYUR,418
007-RURAL WEST CUDDALORE,418
008-TOWN CUDDALORE PORT,418
009-RURAL NORTH CUDDALORE PORT,418
010-S PUDUR,418
011-SEMMANKUPPAM,418
012-SUBRAMANIYAPURAM,418
013-ALAPAKKAM,418
014-VAZHISOTHANAIPALAYAM,418
015-ANNAVALLI,418
016-TOWN NELLIKUPPAM,418
017-KOZHIPAKKAM,418
018-MELPATTAMPAKKAM,418
019-RURAL NELLIKUPPAM,418
020-PALUR,418
021-C N PALAYAM,418
022-NADUVEERAPATTU,418
023-VARAKKALPET,418
024-KUTTIYANKUPPAM,418
025-ARUNGUNAM,418
026-TOWN PANRUTI,418
027-KADAMPULIYUR,418
028-RURAL EAST PANRUTI,418
029-RURAL SOUTH PANRUTI,418
030-PUDUPETTAI,418
031-VEERAPPERUMANALLUR,418
032-ANGUCHETTIPALAYAM,418
033-THIRUVAMOOR,418
034-KANDARAKOTTAI,418
035-RURAL NORTH PANRUTI,418
036-ORAIYUR,418
037-THIRUTHURAIYUR,418
038-URBAN KURINJIPADY,418
039-RURAL KURINJIPADY,418
040-RURAL NORTH KURINJIPADY,418
041-VENKADAMPETTAI,418
042-URBAN KULLANCHAVADI,418
043-RURAL KULLANCHAVADI,418
044-VADAKUTHU,418
045-URBAN VADALUR,418
046-GANGAIKONDAN,418
047-URBAN EAST CHIDAMBARAM,418
048-URBAN WEST CHIDAMBARAM,418
049-RURAL CHIDAMBARAM,418
050-KUMARATCHI,418
051-URBAN SOUTH CHIDAMBARAM,418
052-BHUVANAGIRI,418
053-PORTONOVA  PARANGIPETTAI ,418
054-KEERAPALAYAM,418
055-KATTUMANNARKOIL,418
056-MUGANTHERAIYANKUPPAM,418
057-SOUTH SETHIYATHOPE,418
058-LALPET,418
059-EAST SETHIYATHOPE,418
060-TOWN SRIMUSHNAM,418
061-PALAYAMKOTTAI,418
062-KANUR,418
063-RURAL SRIMUSHNAM,418
064-SHOLATHARAM,418
065-TOWN VRIDHACHALAM,418
066-RURAL NORTH VRIDHACHALAM,418
067-ALADI,418
068-RURAL EAST VRIDHACHALAM,418
069-RURAL WEST VRIDHACHALAM,418
070-NALLUR,418
071-KAMMAPURAM,418
072-A CHITHOOR,418
073-RURAL EAST PENNADAM,418
074-RURAL WEST PENNADAM,418
075-MURUGANGUDI,418
076-RAJENDRAPATTINAM,418
077-KARMANGUDI,418
078-KARUVEPPILANKURCHI,418
079-SATHIYAVADI,418
080-URBAN PENNADAM,418
081-TITTAGUDI,418
082-THOLUDUR,418
083-AVINANGUDI,418
084-MANGALORE,418
085-SIRUPAKKAM,418
086-KEELKALPOONDI,418
087-M PARUR,418
088-KO POOVANUR,418
089-MANGALAMPETTAI,418
090-RURAL SOUTH VEPPUR,418
091-RURAL WEST VEPPUR,418
092-ADARI,418
093-JOTHI NAGAR,418
094-MARUNGUR,418
095-RURAL VADALUR,418
096-ANNAMALAI NAGAR,418
097-B MUTLUR,418
098-MUTTAM,418
099-VANAMADEVI,418
100-URBAN KANDIYANKUPPAM,418
101-E KEERANUR,418
102-U MANGALAM,418
103-INDRA NAGAR,418
104-ANNAGRAMAM,418
105-MUDHANAI,418
106-B UDAIYUR,418
107-T NEDUNCHERRY,418
001-Dharmapuri East,420
002-Dharmapuri West,420
003-Fort,420
004-dharmapuri north,420
005-Rural Dharmapuri,420
006-pulikarai,420
007-Indur,420
008-krishnapuram,420
009-LAKKIYAMPATTI,420
010-ADHIYAMAN KOTTAI,420
011-Nallampalli,420
012-TOWN PENNAGARAM,420
013-RURAL PENNAGARAM,420
014-PERUMBALAI,420
015-Eriyur,420
018-Solakottai,420
019-PALAYAMPUDHUR,420
021-VENNAMPATTY,420
091-TOWN PALACODE,420
092-Rural Palacode,420
093-TOWN PAPPARAPATTI,420
094-Rural Papparapatti,420
095-Town Karimangalam,420
096-RURAL KARIMANGALAM,420
097-MATLAMPATTI,420
098-town marandahallhy,420
099-rural marandahally,420
100-jakkasamudram,420
121-Town Harur,420
122-South Harur,420
123-WEST HARUR,420
124-Hanumantheertham,420
125-EAST HARUR,420
126-NORTH HARUR,420
127-Theerthamalai,420
128-Kottapatty,420
129-TOWN PAPPIREDDIPATTI,420
130-Rural Pappireddipatti,420
131-Gobinathampatti,420
132-A.PALLIPATTI,420
137-Naripalli,420
151-North Kadathur,420
152-EAST KADATHUR,420
153-chindalpadi,420
154-Ramiyanahalli,420
155-TOWN BOMMIDI,420
156-BAIRANATHAM,420
157-NORTH BOMMIDI,420
158-SOUTH BOMMIDI,420
159-Town Morappur,420
160-KAMBAINALLUR I,420
161-KAMBAINALLUR II,420
162-DODAMPATTY,420
016-TOWN KRISHNAGIRI,421
017-OLDPET KRESHNAGIRI,421
020-AVATHANAPATTY,421
033-RURAL KRISHNAGIRI,421
034-INDUSTRIAL ESTATE,421
035-MC PALLY,421
036-ALAPATTY,421
037-VEPANAPALLI,421
038-TOWN SHOOLAGIRI,421
039-RURAL SHOOLAGIRI,421
040-TOWN KAVERIPATTINAM,421
041-SOUTH KAVERIPATTINAM,421
042-NORTH KAVERIPATTINAM,421
043-KUTTIGOUDANOOR,421
044-KURUBARAPALLY,421
045-CHINNAR,421
046-BYNAPALLY,421
047-CHINNAKOTHUR,421
057-NORTH RAYAKOTTAI,421
058-SOUTH RAYAKOTTAI,421
059-ELCOTHOSUR,421
060-MATHAGONDAPALLY,421
061-WEST HOSUR,421
062-CENTRAL HOSUR,421
063-SOUTH HOSUR,421
064-MATHIGIRI,421
065-SIPCOT 1 HOSUR,421
066-SIPCOT II HOSUR,421
067-SIDCO HOSUR,421
068-TOWN BAGALUR,421
069-BERIGAI,421
070-RURAL HOSUR,421
071-NORTH DENKANIKOTTAI,421
072-SOUTH DENKANIKOTTAI,421
073-WEST KELAMANGALAM,421
074-THALLY,421
075-NORTH HOSUR,421
076-BELAGONDAPALLY,421
077-ANDIVADI,421
078-UDDANAPALLY,421
079-ARASANATTY,421
080-BATHALAPALLI,421
081-ANCHETTY,421
082-RURAL BAGALUR,421
083-ATHIMUGAM,421
084-EAST KELAMANGALAM,421
085-JAWALAGIRI,421
086-KARNOOR,421
087-VARAGANAPALLY,421
088-ANDEVANAPALLY,421
089-KAKKADASAM,421
090-MUDHUKURRIKKI,421
133-UTHANGARAI I,421
134-UTHANGARAI II,421
135-SAMALPATTI,421
136-KALLAVI,421
138-KARAPATTU,421
181-POCHAMPALLY,421
182-SANTHUR,421
183-NAGARASAMPATTY,421
184-ARASAMPATTY,421
185-MATHUR I,421
186-MATHUR II,421
187-JAGADEVI,421
188-TOWN BARGUR,421
189-RURAL BARGUR,421
190-ELATHAGIRI,421
191-VARATNAPALLY,421
192-PANNANTHUR,421
193-SIDCO BARGUR,421
194-KODAMANDAPATTY,421
101-Mettur Town,422
102-Mettur Rural,422
103-Kolathur South,422
104-kolathur north,422
105-Rural Kolathur,422
106-Kunjandiyur Section,422
107-Sampalli Section,422
108-East Mecheri,422
109-Edappady town,422
110-Chittoor Section,422
111-Poolampatty Section,422
112-Rural Edappady,422
113-Konganapuram,422
114-Kannantheri,422
115-West mecheri,422
116-Koneripatty Section,422
126-Omalur Town,422
127-Chinna Thirupathi,422
128-Vellar,422
129-Kadayampatty,422
130-Rural Jalakandapuram,422
131-South JK puram,422
132-North Jalakandapuram,422
133-Nangavally,422
134-Vanavasi,422
135-Tharamangalam,422
136-Tholasampatty,422
137-Pappampadi,422
138-Alagusamudram,422
139-Deevattipatty,422
140-Thumbipady,422
141-Panchukallipatty,422
142-CM CHURUCHI,422
152-Pallakkapalayam,422
153-ICL colony,422
155-Thevoor town,422
164-Sankari Town,422
165-Rural Sankari,422
166-M.D.Chouldry,422
167-Vaikundam,422
170-sankari RS,422
401-GUGAI,424
402-DASANAICKENPATTY,424
403-LINEMEDU,424
404-NETHIMEDU TOWN,424
405-SEELANAICKENPATTY,424
406-KITCHIPALAYAM,424
407-KALARAMPATTY,424
408-DADAGAPATTY,424
409-BAZAAR,424
410-CENTRAL,424
411-THILLAINAGAR,424
412-FORT,424
413-PONNAMMAPET,424
426-MARAVANERI,424
427-KANNANKURICHI,424
428-GORIMEDU,424
429-HASTHAMPATTY,424
430-YERCAUD I,424
431-AYYOTHIYAPATTINAM WEST,424
432-UDAYAPATTY,424
433-AMMAPET,424
434-VEERANAM,424
435-VALASAIYUR,424
436-KARIPATTY,424
437-VELLALAGUNDAM,424
438-AYOTHIAPATTINAM   EAST,424
439-KOOTTATHUPATTY,424
440-SESHANCHAVADI,424
441-YERCAUD II,424
451-SHEVAPET,424
452-ARISIPALAYAM,424
453-MEYYANUR,424
454-KONDALAMPATTY,424
455-SWARNAPURI,424
456-MALLAMOOPANPATTY,424
457-NARASOTHIPATTY,424
458-KARUPPUR,424
459-VELLALAPATTY,424
460-MUTHUNAICKANPATTI  I,424
461-MUTHUNAIKANPATTI II,424
462-SURAMANGALAM,424
463-SIVATHAPURAM,424
464-NETHIMEDU RURAL,424
465-THIRUVAGOUNDANOOR,424
477-MALLUR WEST,424
478-PANAMARATHUPATTY R,424
479-PANAMARATHUPATTY TOWN,424
480-ELAMPILLAI,424
481-VEMBADITHALAM,424
482-EDANGANASALAI I,424
483-PERUMAGOUNDAMPATTY,424
484-K.K.NAGAR,424
485-ATTAYAMPATTY TOWN,424
486-ATTAYAMPATTY RURAL,424
490-VEERAPANDY,424
491-ARIYANOOR,424
526-VALAPADI SOUTH,424
528-MALLIYAKARAI,424
530-THIRUMANOOR,424
531-VALAPADI NORTH,424
532-BELUR I,424
533-BELUR II,424
534-BELUR WEST,424
535-P.N.PALAYAM,424
536-P.G.PALAYAM,424
537-ETHAPUR,424
538-THUMBAL,424
539-KARUMANDURAI,424
540-THAMMAPATTY T,424
541-THAMMAPATTY R,424
542-ULIPURAM,424
543-KEERIPATTY,424
544-SENDARAPATTY,424
551-TOWN ATTUR,424
552-SOUTH ATTUR,424
553-NORTH ATTUR,424
554-KADAMBUR,424
555-ATTUR RURAL,424
556-KATTUKOTTAI,424
557-SATHAPADY,424
558-M.V.COLONY,424
559-NARASINGAPURAM TOWN,424
560-NARASINGAPURAM RURAL,424
561-THANDAVARAYAPURAM,424
562-THALAIVASAL,424
563-DEVIYAKURICHI,424
564-Siruvachoor,424
565-GANGAVALLI,424
566-MANJINI,424
567-GUDAMALAI,424
568-THEDAVOOR,424
569-VEERAGANOOR,424
570-PULIYANKURICHI,424
571-ARAGALUR,424
572-KAMAKHAPALAYAM,424
001-TOWN ERODE,426
002-SOUTH ERODE,426
003-WEST ERODE,426
004-EAST ERODE,426
005-E.K.VALASU,426
006-THINDAL,426
007-NASIYANUR,426
008-NARAYANAVALASU,426
009-TOWN V.P.CHATRAM,426
010-RURAL V.P.CHATRAM,426
011-KARUNGALPALAYAM,426
012-B.P.AGRAHARAM,426
013-EAST CHITHODE,426
014-KANJIKOVIL,426
015-WEST CHITHODE,426
016-SOUTH CHITHODE,426
017-RURAL KAVINDAPADY,426
018-SALANGAPALAYAM,426
019-PERUNDALAIYUR,426
020-TOWN KAVUNDAPADY,426
021-MUTHAMPALAYAM,426
022-METTUKADAI,426
023-ASHOKAPURAM,426
026-MOOLAPALAYAM,426
027-MULLAMPARAPPU,426
028-LAKKAPURAM,426
029-KASPAPETTAI,426
030-GANAPATHYPALAYAM,426
031-ELUMATHUR,426
032-MODAKURICHI,426
033-ELLAKADAI,426
034-AVALPOONDURAI,426
035-TOWN ARACHALUR,426
036-M.H.PALLY,426
037-VADUGAPATTY,426
038-KANDASAMYPALAYAM,426
039-K.B.GRAMAM,426
040-SIVAGIRI EAST,426
041-SIVAGIRI TOWN,426
042-SIVAGIRI WEST,426
043-TOWN KODUMUDI,426
044-KODUMUDI SOUTH,426
045-THAMARAIPALAYAM,426
046-VENDIPALAYAM,426
051-TOWN PERUNDURAI,426
052-SOUTH PERUNDURAI,426
053-NORTH PERUNDURAI,426
054-INGUR,426
055-RURAL PERUNDURAI,426
056-NALLAMPATTY,426
057-VIJAYAMANGALAM,426
058-THINGALORE,426
059-TOWN KUNNATHUR,426
060-EAST KUNNATHUR,426
061-RURAL KUNNATHUR,426
062-P.G.PALAYAM,426
063-TOWN CHENNIMALAI,426
064-WEST CHENNIMALAI,426
065-RURAL CHENNIMALAI,426
066-VELLODE,426
071-SIPCOT,426
072-KULLAMPALAYAM,426
074-MUHASI PIDARIYUR,426
101-LUNANAGAR,430
102-P.N.PUDUR,430
103-PERUR,430
104-KALAMPALAYAM,430
105-VEDAPATTY,430
106-MADHAMPATTY,430
107-WEST  ALANDURAI,430
108-EAST  ALANDURAI,430
109-THONDAMUTHUR,430
110-DEVARAYAPURAM,430
111-K.N.PALAYAM,430
112-BHARATHIYAR UNIVERSITY,430
113-SOMAYAM PALAYAM,430
120-SARAVANAMPATTY,430
121-CHINNAVEDAMPATTY,430
122-IDIGARAI,430
123-KOVILPALAYAM,430
124-P.G.PUDUR,430
125-GANESHPURAM,430
126-KURUMBAPALAYAM,430
127-EAST  THUDIYALUR,430
128-WEST  THUDIAYALUR,430
129-PANNIMADAI,430
130-CHINNATHADAGM,430
131-URUMANDAMPALAYAM,430
132-NSN PALAYAM,430
133-VADAMADURAI,430
134-TOWN  SOUTH  PERIANAICKEN PALAYAM,430
135-TOWN  PERIANAICKENPALAYAM,430
136-EAST  PERIANAICKEN PALYAM,430
137-WEST  PERIANAICKEN PALAYAM,430
138-JOTHIPURAM,430
139-NAICKENPALAYAM,430
140-TOWN  NORTH  METTUPALAYAM,430
141-TOWN  SOUTH  METTUPALAYAM,430
142-RURAL  METTUPALAYAM,430
143-THEKKAMPATTI,430
144-SIRUMUGAI,430
145-PETTHIKUTTAI,430
146-EAST  KARAMADAI,430
147-WEST  KARAMADAI,430
148-SOUTH  DHAYANUR,430
149-NORTH  DHAYANUR,430
150-ANNUR  SOUTH,430
151-KARIYAMPALAYAM,430
152-POGALUR,430
153-URBAN  METTUPALAYAM,430
174-ANNUR NORTH,430
176-VADAKKALUR,430
182-KEERANATHAM,430
183-KRISHNAPURAM,430
232-JALLIPATTY,432
233-SALAIPUDUR,432
235-SULTHANPET,432
236-KAMANAYAKAN PALAYAM,432
237-MALAYADIPALAYAM,432
248-POORANDAMPALAYAM,432
251-PODANUR SOUTH,432
252-PODANUR NORTH,432
253-VELLALORE,432
254-CHETTIPALAYAM,432
255-OTHAKALAMANDAPAM,432
256-MALUMICHAMPATTY,432
257-HOUSHING UNIT,432
258-KURICHI SOUTH,432
259-SUNDARAPURAM,432
260-EACHANARI,432
261-MADUKKARAI NORTH,432
262-PALATHURAI,432
263-K.G.CHAVADI,432
264-MADHUKARAI SOUTH,432
265-KUNIAMUTHUR TOWN,432
266-AATHUPALAM,432
267-KOVAIPUDUR,432
269-B.K.PUDUR,432
276-TOWN SOMANUR,432
277-RURAL SOMANUR,432
278-SAMALAPURAM,432
281-KARUMATHAMPATTY,432
282-SENTHIL NAGAR,432
286-PARAMASIVAM PALAYAM,432
287-KOMBAKKADU,432
288-ARASUR,432
289-VAGARAYAM PALAYAM,432
290-NEELAMBUR,432
291-KADUVETTIPALAYAM,432
292-KANIYUR,432
293-CHENNIANDAVAR KOVIL,432
294-AGRAHARAPUDUR,432
295-AYYAN KOVIL,432
345-VADAKKIPALAYAM,432
346-A SANGAMPALAYAM,432
348-MILL KOVILPALAYAM,432
349-NORTH NEGAMAM,432
350-SOUTH NEGAMAM,432
351-KATTAMPATTY,432
352-RURAL NEGAMAM,432
353-WEST KINATHAKADAVU,432
354-EAST KINATHUKADVU,432
355-VADACHITHOOR,432
356-THAMARAIKULAM,432
357-EAST NEGAMAM,432
301-TOWN UDUMALPET,434
302-GANDHINAGAR,434
303-RURALNORTHUDUMALPET,434
304-RURALSOUTHUDUMALPET,434
305-RURALEASTUDUMALPET,434
306-VALAVADI,434
307-GOMANGALAM,434
308-DHALI,434
309-POOLANGINAR,434
310-MADATHUKULAM,434
311-KANIYUR,434
312-KOMARALINGAM,434
313-POOLAVADI,434
314-GUDIMANGALAM,434
315-THUNGAVI,434
316-MANUPATTI,434
317-RURAL WEST UDUMALPET,434
318-ELAYAMUTHUR,434
321-IYERPADY,434
322-NORTH VALPARAI,434
323-SOUTH VALPARAI,434
324-MUDIS,434
325-SHOLAYAR NAGAR,434
326-ANGALAKURICHI,434
327-RURAL ANAMALAI,434
328-TOWN ANAMALAI,434
329-SETHUMADAI,434
330-VETTAIKARANPUDUR,434
331-SAMATHUR,434
332-EAST DEVANURPUDUR,434
333-WEST DEVANURPUDUR,434
334-KOLARPATTI,434
335-ERISINAMPATTI,434
336-KANJAMPATTY,434
337-THENSANGAMPALAYAM,434
341-PETHAPPAMPATTI,434
342-V.VELORE,434
343-RC PURAM,434
344-KONGALNAGARAM,434
347-EARIPATTY,434
386-TOWN POLLACHI,434
387-MAHALINGAPURAM,434
388-RURAL POLLACHI,434
389-RANGASAMUTHIRAM,434
390-T.KOTTAMPATTY,434
391-MUTHUR,434
392-MANNUR,434
393-MARICHANAIKENPALAYAM,434
394-ZAMIN UTHUKULI,434
001-TOWN HALL,435
002-BAZZAR EAST,435
003-BAZZAR WEST,435
004-RACE COURSE,435
005-PULIYAKULAM,435
006-RAMANATHAPURAM,435
007-PAPPANAICKENPALAYAM,435
008-R.S.PURAM SOUTH,435
009-R.S.PURAM NORTH,435
010-TATABAD,435
011-RAM NAGAR,435
012-UKKADAM,435
013-SELVAPURAM,435
014-LAWLEY ROAD,435
015-PONNAIHRAJA PURAM,435
016-KRISHNASWAMYNAGAR,435
021-VELANDIPALAYAM,435
022-SAI BABA COLONY,435
023-KAVUNDAPALAYAM,435
024-SANGANOOR,435
025-RATHINAPURI,435
026-GANAPATHY,435
027-AVARAMPALAYAM,435
028-PEELAMEDU TOWN,435
029-PEELAMEDU TOWN EAST,435
030-THANEERPANDAL,435
031-GANESH NAGAR,435
032-EDAYARPALAYAM,435
033-GANDHI MAA NAGAR,435
034-KAVUNDAPALAYAM SOUTH,435
041-ONDIPUDUR,435
042-PATTANAM,435
043-PALLAPALAYAM,435
044-KANNAMPALAYAM,435
045-GANDHINAGAR,435
046-SINGANALLUR WEST,435
047-SINGANALLUR EAST,435
048-SOWRIPALAYAM,435
049-IRUGUR,435
050-SULUR TOWN,435
052-SULUR SOUTH,435
053-SULUR NORTH,435
054-CHINNIYAMPALAYAM WEST,435
055-KALAPATTY,435
056-CHINNIYAMPALAYAM NORTH,435
057-CHINNIYAMPALAYAM EAST,435
058-CIVIL AERO,435
059-VARATHARAJAPURAM,435
060-NADUPALAYAM,435
061-NEHRU NAGAR,435
062-AGPUDR,435
063-VELLANAIPATTY,435
064-KANGEYAMPALAYAM,435
301-SOUTH GOBI,436
302-KARATTADIPALAYAM,436
303-KOLAPPALUR,436
304-GETTICHEVIYUR,436
305-SIRUVALUR,436
306-TOWN GOBI,436
307-PUDUPALAYAM,436
308-KALLIPATTI,436
309-KASIPALYAM,436
310-T.N PALAYAM,436
311-ATHANI EAST,436
312-ATHANI WEST,436
313-KUGALUR,436
314-GOBI NORTH,436
315-NAMBIYUR NORTH,436
316-NAMBIYUR EAST,436
317-NAMBIYUR WEST,436
318-KURUMANDHUR,436
319-OTHAKUTHIRAI,436
326-TOWN BHAVANI,436
327-NORTH BHAVANI,436
328-CHITHAR,436
329-BHAVANI WEST,436
330-BHAVANI RURAL,436
331-JAMBAI,436
332-OLAGADAM,436
333-AMMAPETTAI,436
334-GURUVAREDDIYUR,436
335-CHENNAMPATTY,436
336-VELLITHIRUPUR,436
337-ANTHIYUR TOWN,436
338-ANTHIYUR NORTH,436
339-ANTHIYUR SOUTH,436
340-THAVITTUPALAYAM,436
341-K.R.PALAYAM,436
342-POONACHI,436
343-BURGUR,436
351-RURAL NORTH SATHY,436
352-K.N PALAYAM,436
353-D.G PUDUR,436
354-KODIVERY,436
355-RURAL SOUTH SATHY,436
356-ARASUR,436
357-UKKARAM,436
358-PULIAMPATTY,436
359-KAVILIPALAYAM,436
360-PONNAMPALAYAM,436
361-BHAVANISAGAR,436
362-RAJAN NAGAR,436
363-C.K.PALAYAM,436
364-SOUTH THALAVADY,436
365-EAST THALAVADY,436
366-PUNGAMPALLI,436
367-KENJANUR,436
368-KADAMPUR,436
369-CHIMITTAHALLI,436
151-Veppadi North,437
154-Thaneerpandalpalayam,437
156-CN.Palayam Section,437
157-South Komarapalayam,437
158-Rural Komarapalayam,437
159-Town pallipalayam,437
160-Pallipalayam Agraharam,437
161-SPB colony,437
162-Kokkarayanpett,437
163-East Pallipalayam,437
168-Veppadi SOUTH,437
169-Kuppandapalaym,437
171-Ethirmedu,437
176-RURAL TIRUCHENGODE,437
177-SOUTH TIRUCHENGODE,437
178-DEVANANKURICHI,437
179-MANICKAMPALAYAM,437
180-EAST TIRUCHENGODE,437
181-NORTH TIRUCHENGODE,437
182-MOREPALAYAM,437
183-KUMARAMANGALAM,437
184-CENTRAL TIRUCHENGODE,437
185-RURAL MALLASAMUDRAM,437
186-TOWN MALLASAMUDRAM,437
187-KALIPATTY,437
188-WEST VAIYAPPAMALAI,437
189-EAST VAIYAPPAMALAI,437
190-PERIYAMANALI,437
191-ELACHIPALAYAM,437
192-VELAGOUNDAMPATTY,437
193-KOOTAPALLI,437
194-UNJANAI,437
201-TOWN NORTH NAMAKKAL,437
202-TOWN SOUTH NAMAKKAL,437
203-NALLIPALAYAM,437
204-RURAL SOUTH NAMAKKAL,437
205-POTTIREDDIPATTY,437
206-VARAGUR,437
207-ERUMAPATTY,437
208-RURAL WEST NAMAKKAL,437
209-RURAL NORTH NAMAKKAL,437
210-VALAYAPATTY,437
211-N PUDUPATTY,437
212-KALANGANI,437
213-DHATHTHATHIRIPURAM,437
214-PUTHANSANTHAI,437
215-PUDUCHATHIRAM,437
216-NORTH SENDAMANGALAM,437
217-SOUTH SENDAMANGALAM,437
218-MUTHUGAPATTY,437
219-THIRUMALAIPATTY,437
220-KALAPPANAICKANPATTY,437
221-KOLLI HILLS I,437
222-BELUKURICHI,437
223-KOLLI HILLS II,437
224-KOSAVAMPATTY,437
225-KARAVALLI,437
226-TOWN P VELUR,437
227-POTHANUR,437
228-PANDAMANGALAM,437
229-PALAPATTY,437
230-TOWN MOHANUR,437
231-RURAL MOHANUR,437
232-ANIYAPURAM,437
233-CHITALANDUR,437
234-NADANTHAI,437
235-KANDHAMPALAYAM,437
236-PARAMATHY,437
237-JEDARPALAYAM,437
238-KABILARMALAI,437
239-KEERAMBUR,437
240-SOLASIRAMANI,437
241-PILIKALPALAYAM,437
476-MALLUR RURAL,437
487-VENNANDUR TOWN,437
488-VENNADUR RURAL,437
489-ALAVAIPATTY,437
501-TOWN RASIPURAM,437
502-R PUDUPALAYAM,437
503-PATTANAM,437
504-ANDAGALORE GATE,437
505-RURAL SOUTH RASIPURAM,437
506-SINGALANDHAPURAM,437
507-ATHANOOR,437
508-GURUSAMYPALAYAM,437
509-KAKKAVERY,437
510-NAMAGIRIPET I,437
511-METTALA,437
512-MULLUKURICHI,437
513-NAMAGIRIPET II,437
514-ARIYAGOUNDAMPATTY,437
515-R PUDUPATTY,437
516-T JEDARPALAYAM,437
527-THIMMANAICKENPATTY,437
529-MANGALAPURAM,437
067-RURAL UTHUKULI,438
068-EAST UTHUKULI,438
069-CHENGAPALLI,438
070-TOWN UTHUKULI,438
073-S PERIYAPALAYAM,438
160-TOWN AVINASHI,438
161-SOUTH CHEYUR,438
162-NORTH CHEYUR,438
163-TM POONDI,438
164-RURAL WEST AVINASHI,438
165-NAMBIYAMPALAYAM,438
166-RURAL EAST AVINASHI,438
167-VADUGAPALAYAM,438
168-TOWN ANUPPARPALAYAM,438
169-RURAL ANUPPARPALAYAM,438
170-NORTH PERUMANALLUR,438
171-SOUTH PERUMANALLUR,438
172-RK NAGAR,438
173-PANDIAN NAGAR,438
175-SELLAPPAMPALAYAM,438
177-KARUVALUR,438
178-PASUR,438
179-SAMUNDIPURAM,438
180-POOLUVAMPAATTY,438
181-VENGAMEDU,438
201-TOWN WEST TIRUPUR,438
202-TOWN NORTH TIRUPUR,438
203-KONGU NAGAR,438
204-RAYAPURAM,438
205-BRIDGEWAY COLONY,438
206-TOWN SOUTH TIRUPUR,438
207-TOWN EAST TIRUPUR,438
208-BAZAAR,438
209-BHARATHI NAGAR,438
210-MUTHALIPALAYAM,438
211-VEERAPANDY,438
212-PERIYANDIPALAYAM,438
213-GANAPATHYPALAYAM,438
214-KARAIPUDUR,438
215-CHETTIPALAYAM,438
216-SOUTH POLLIKALI PALAYAM,438
217-NORTH POLLIKALIPALAYAM,438
218-PERUNTHOLUVU,438
219-NALLUR,438
220-TOWN HALL,438
221-MURUGAMPALAYAM,438
222-CHINNAKARAI,438
223-IDUVAMPALAYAM,438
224-ARULPURAM,438
225-MADHESWARAN  NAGAR,438
271-RVE NAGAR,438
272-KASIPALAYAM,438
273-THIRUVALLUVAR NAGAR,438
274-NACHIPALAYAM,438
279-WEST THEKKALUR,438
280-EAST THEKALUR,438
283-VANJIPALAYAM,438
284-MANGALAM,438
285-POOMALUR,438
051-KARANAMPETTAI,439
076-SOUTH KANGAYAM,439
077-UTHIYUR,439
078-PALAYAKOTTAI,439
079-NORTH KANGAYAM,439
080-NALL ROAD,439
081-KAVANDAMPALAYAM,439
082-E.P PUDUR,439
083-EAST KANGAYAM,439
084-SIVANMALAI,439
085-PADIYUR,439
086-TOWN VELLAKOIL,439
087-D.N.PATTY,439
088-K.M PATTY,439
089-RURAL VELLAKOIL,439
090-WEST VELLAKOIL,439
091-OLAPALAYAM,439
092-RURAL MUTHUR,439
093-TOWN MUTHUR,439
094-METTUPALAYAM,439
095-RURAL KANGAYAM,439
096-EAST VELLAKOIL,439
097-WEST MUTHUR,439
226-TOWN PALLADAM,439
227-RURAL PALLADAM,439
228-TOWN NORTH PALLADAM,439
229-NARNAPURAM,439
230-P.VADUGAPALAYAM,439
231-KETHANUR,439
234-V.KALIPALAYAM,439
238-K.N PURAM,439
239-KARDIBAVI,439
240-SELLAKARACHAL,439
241-PAPPAMPATTI,439
242-TOWN PONGALUR,439
243-RURAL PONGALUR,439
244-KODUVAI,439
245-MADHAPUR,439
246-KALIVELAMPATTI,439
247-ELAVANTHY,439
249-SIDHANAICKENPALAYAM,439
250-LAKSHMINAICKENPALAYAM,439
275-SAKTHI NAGAR,439
361-Town Dharapuram,439
362-Manakkadavu,439
363-Kolathupalayam,439
364-East Dharapuram,439
365-Rural Dharapuram,439
366-Chinnaputhur,439
367-Dhalavaipattanam,439
368-Madathupalayam,439
369-North Dharapuram,439
370-Town Mulanur,439
371-Rural Mulanur,439
372-Vadugapatti,439
373-Kannivadi,439
374-Akkaraipalayam,439
375-North Kundadam,439
376-South Kundadam,439
377-Manurpalayam,439
378-Kallivalasu,439
379-Suriyanallur,439
380-Ponnivady,439
309-THIRUMANUR,440
310-KEELAPALUR,440
311-THIRUMALAPADI,440
312-ELAKURICHI,440
315-URBAN ARIYALUR,440
316-RURAL ARIYALUR,440
317-NORTH ARIYALUR,440
318-THELUR,440
319-MARUTHAIYANKOVIL,440
320-RURAL 1 SENDURAI,440
321-THUNGAPURAM,440
322-R.S.MATHUR,440
323-RURAL 2 SENDURAI,440
324-SOUTH JAYANKONDAM,440
325-NORTH JAYANKONDAM,440
326-SOUTH ANDIMADAM,440
327-MEENSURITTY,440
328-UDAYARPALAYAM,440
329-T.PALUR,440
330-NORTH ANDIMADAM,440
331-TOWN PERAMBALUR,440
332-SOUTH PERAMBALUR,440
333-VALIKANDAPURAM,440
334-CHINNARDAM,440
335-NORTH PERAMBALUR,440
336-AMMAPALAYAM,440
337-KURUMBALUR,440
338-ESANAI,440
339-SIRUVACHUR,440
340-PADALUR,440
341-NORTH CHETTIKULAM,440
342-SOUTH CHETTIKULAM,440
343-NORTH KRISHNAPURAM,440
344-RURAL KRISHNAPURAM,440
345-KAIKALATHUR,440
346-ARUMBAVUR,440
347-POOLAMBADI,440
348-VEPPANTHATTAI,440
349-LABBAIKUDIKADU,440
350-VEPPUR,440
351-V.KALATHUR,440
352-KOLAKKANATHAM,440
353-PAPPAKUDI,440
354-PERIYATHUKURICHI,440
355-SUTHAMALLI,440
383-NAKKASELAM,440
201-THENNUR,442
202-SRINIVASA NAGAR,442
203-WORAIYUR,442
204-THILLAI NAGAR,442
205-ROCKFORT,442
206-MAIN GUARD GATE,442
207-CHINTHAMANI,442
208-PALAKKARAI,442
209-SENTHANEERPURAM,442
210-GANDHI MARKET,442
211-JUNCTION,442
212-CANTONMENT,442
213-PONNAGAR,442
214-MAHALAKSHMI NAGAR,442
215-AE URBAN LALGUDY,442
216-AE RURAL_I LALGUDY,442
217-AE RURAL_II LALGUDY,442
218-AE VALADY,442
219-AE KALLAKUDY,442
220-AE PULLAMPADY,442
221-CRAWFORD,442
222-MANNARPURAM,442
223-SUBRAMANIYAPURAM,442
224-K.K.NAGAR,442
225-SEMPATTU,442
226-SOMARASAMPETTAI,442
227-RURAL TRICHY,442
228-THIRUPARAITHURAI,442
229-MANIKANDAM,442
230-ARIYAMANGALAM,442
231-KATTUR,442
232-THIRUVERUMBUR,442
233-NAVAL PATTU,442
234-KAILASAPURAM,442
235-EAST THUVAKUDY,442
236-WEST THUVAKUDY,442
237-SOUTH THUVAKUDY,442
238-KALKANDARKOTTAI,442
240-AE VELLANUR,442
241-TOWN MANAPPARAI,442
242-RURAL MANAPPARAI,442
243-SOUTH MANAPPARAI,442
244-NORTH MANAPPARAI,442
245-SOUTH VAIYAMPATTY,442
246-NORTH VAIYAMPATTY,442
247-NADUPATTY,442
248-WEST MANAPPARAI,442
249-SOUTH THUVARANKURICHI,442
250-NORTH THUVARANKURICHI,442
251-PUTHANATHAM,442
252-MARUGAPURI,442
253-METTUPATTY,442
254-PALAKURICHI,442
255-EAST MANAPPARAI,442
256-WEST THURAIYUR,442
257-SIKKATHAMBUR,442
258-ERAGUDY,442
259-VANKATACHALAPURAM,442
260-AE KOTTAPALAYAM,442
261-SRIRANGAM,442
262-THIRUVANAI KOVIL,442
263-SIRUGAMPOOR,442
264-BITCHANDAR KOVIL,442
265-TOWN MANACHANALLUR,442
266-EAST MANACHANALLUR,442
267-WEST MANACHANALLUR,442
268-SAMAYAPURAM,442
269-SIRUGANOOR,442
270-AMMAMANDAPAM,442
271-URBAN THURAIYUR,442
272-NORTH THURAIYUR,442
273-SENGATTUPATTY,442
274-SOUTH THURAIYUR,442
275-EAST THURAIYUR,442
276-KANNANUR,442
277-PULIVALAM,442
278-PUTHANAMPATTY,442
279-UPPILIYAPURAM,442
280-KOPPAMPATTY,442
281-VAIRICHETTIPALAYAM,442
282-T.MURUGAPATTY,442
285-RURAL THATHAYANKARPETTAI,442
286-RURAL WEST THATHAYANKARPETTAI,442
287-THUMBALAM,442
288-METTUPALAYAM,442
289-TOWN THATHAYANKARPETTAI,442
290-SOUTH THATHAYANKARPETTAI,442
291-JAMBUNATHAPURAM,442
292-TOWN MUSIRI,442
293-NORTH MUSIRI,442
294-AYYAMPALAYAM,442
295-THANDALAI PUTHUR,442
296-THOTTIYAM,442
297-KATTUPUTHUR,442
298-YELURPATTY,442
299-KOLAKUDY,442
001-Urban south,443
002-Urban North,443
003- karur,443
004-vengamedu,443
005-Vangal,443
006-Puliyur O  M,443
007-Uppidamangalam,443
008-West puliyur,443
009-velliyanai,443
010-Thanthonimalai,443
011-Kaniyalampatty,443
012-Urban west,443
013-Othakadai,443
014-Ganthigramam,443
015-Manmangalam,443
021-South karur,443
022-Rural karur,443
023-Aravaklurichy,443
024-Rural malaikovilur,443
025-Chinnadharapuram O  M,443
026-K.Paramathy,443
027-Rural Chinnadharapuram,443
028-Thennilai,443
029-Urban pallapatty,443
030-Rural North pallapatty,443
031-Rural south pallapatty,443
032-Andipatty,443
033-Esanatham,443
034-Noyyal,443
035-Thottakurichy,443
036-Velayuthampalayam,443
037-Chatram,443
038-Pavithram,443
041-Kulithalai,443
042-Nachalur,443
043-Mayanur ,443
044-Rural Mayanur,443
045-Panjapatty,443
046-South Ayyermalai,443
047-North Ayyermalai,443
048-South thogamalai,443
049-North thogamalai,443
050-Kavalkaranpatty,443
051-Chinthamanipatty O  M,443
052-Palaviduthi,443
053-South chinthamanipatty,443
054-Rural chinthamanipatty,443
055-Panickampatty,443
056-Chinnapanaiyur,443
057-Kosur,443
401-NEELAGIRI,444
402-VALLAM,444
403-SENGIPATTY,444
404-BHUDALUR,444
405-RURAL WEST THANJAVUR,444
406-RURAL NORTH THANJAVUR,444
407-THIRUKKANURPATTI,444
408-TOWN THIRUVAIYARU,444
409-RURAL THIRUVAIYARU,444
410-TOWN THIRUKKATTUPALLI,444
411-RURAL THIRUKKATTUPALLI,444
412-NADUCAUVERY,444
413-MINNAGAR,444
414-KALLAPERAMBUR,444
415-KURUNGULAM,444
416-MARUNGULAM,444
417-MELATTUR,444
418-POYYUNDARKOTTAI,444
419-SOORAKKOTTAI,444
420-PANAIYAKOTTAI,444
421-EAST KUMBAKONAM,444
422-SOUTH KUMBAKONAM,444
423-URBAN KUMBAKONAM,444
424-NORTH KUMBAKONAM,444
425-WEST KUMBAKONAM,444
428-PAPANASAM,444
429-THIRUKARUKAVUR,444
430-KABISTHALAM,444
431-TOWN AYYAMPETTAI,444
432-RURAL AYYAMPETTAI,444
433-RURAL PAPANASAM,444
434-GANAPATHY AGARHARAM,444
435-OKKANADU EAST,444
436-KANNUKUDY WEST,444
437-MELAULUR,444
438-URANTHARAYAN KUDIKADU,444
439-THIRUVONAM,444
440-PINNAIYUR,444
441-TOWN  I  PATUKOTTAI,444
442-TOWN  II  PATUKOTTAI,444
443-ADHIRAMAPATTINAM,444
444-RURAL EAST  PATUKOTTAI,444
445-RURAL WEST  PATUKOTTAI,444
446-PERUMALKOIL,444
447-THUVARANKURUCHI,444
448-MADUKKUR,444
449-RURAL MADUKKUR,444
450-KURUVIKARAMBAI,444
451-PERAVURANI,444
452-THIRUCHITRAMBALAM,444
453-NADIYAM,444
454-RURAL PERAVURANI,444
455-PERUMAGALUR,444
456-POOKOLLAI,444
457-OTTANGADU,444
458-ALATHUR,444
459-VATTATHIKOLLAIKADU,444
460-PALLATHUR,444
461-NORTH ORATHANADU,444
462-EAST ORATHANADU,444
463-VADASERY,444
464-SOUTH ORATHANDU,444
465-PAPPANADU,444
466-URANIPURAM,444
467-SALIYAMANGALAM,444
468-MARIAMMANKOIL,444
469-AMMAPETTAI,444
470-SOUTH AMMAPETTAI,444
471-COURT ROAD,444
472-MANAMBUCHAVADI,444
473-ARULANANDHA NAGAR,444
474-ESWARI NAGAR,444
475-KARANTHAI,444
476-PALACE,444
477-THAMARANKOTTAI,444
478-NORTH MADUKKUR,444
481-KADIRAMANGALAM,444
482-PANDANALLUR,444
483-THIRUPANNANDAL,444
484-CHOLAPURAM,444
485-THIRUNAGESWARAM,444
486-NATCHIYARKOIL,444
487-KUMBAKONAM,444
488-SWAMIMALAI,444
489-PATTESWARAM,444
490-THIRUVIDAIMARUTHUR,444
491-ADUTHURAI,444
492-THIPPIRAJAPURAM,444
493-SEMMANGUDI,444
494-THIRUNEELAKUDI,444
495-KURUCHI,444
496-KONNULAMPALLAM,444
497-THIRUPURAMBIYAM,444
501-VELIPALAYAM,445
502-TOWN  NAGAPATTINAM,445
503-NAGORE,445
504-THIRUMARUGAL,445
505-VELANKANNI,445
506-SIKKAL,445
507-THIRUPOONDI,445
508-THIRUKUVALAI,445
509-KILVELUR,445
510-VEDHARANYAM,445
511-VOIMEDU,445
512-KARIYAPATTINAM,445
513-KANGALANCHERRY,445
514-VIZHUNTHAMAVADI,445
521-WEST MAYILADUTHURAI,445
522-EAST MAYILADUTHURAI,445
523-NIDUR,445
524-THIRUVILANDUR,445
525-MANGA NALLUR,445
526-KILIYANUR,445
527-SANKARAN PNDHAL,445
528-RURAL MAYILADUTHURAI,445
529-MOOVALUR,445
530-KUTHALAM,445
531-KOMAL,445
532-PALAIYUR,445
533-KADALANGUDY,445
534-SOLACHAKARA NALLUR,445
535-MEKIRI MANAGALAM,445
541-TOWN SIRKALI,445
542-WEST SIRKALI,445
543-KOLLIDAM,445
544-ARASUR,445
545-RURAL SIRKALI,445
546-VAITHEESWARN KOIL,445
547-THIRUVENGADU,445
548-AKKR,445
549-THARANGAMBADI,445
550-SEMBANARKOIL,445
551-POOMBUKAR,445
552-KIDARANKONDAN,445
553-TOWN MANELMEDU,445
554-RURAL MANELMEDU,445
555-KALI,445
556-MADHANAM,445
557-THIRUKADAIYUR,445
111-PUDUKKOTTAI EAST,446
112-PUDUKKOTTAI WEST,446
113-PUDUKKOTTAI NORTH,446
114-PUDUKKOTTAI CENTRAL,446
115-RURAL_EAST PUDUKKOTTAI,446
116-ANDAKULAM,446
117-THIRUVAPPUR,446
118-SIPCOT,446
119-RURAL_SOUTH ILUPPUR,446
120-ILUPPUR,446
121-ANNAVASAL,446
122-ANNAPANNAI,446
123-SOUTH GANDARVAKOTTAI,446
124-NORTH GANDARVAKOTTAI,446
125-ADANAKOTTAI,446
126-SS PUNALKULAM,446
127-PERUNGALUR,446
128-EAST GANDARVAKOTTAI,446
131-TOWN ARANTHANGI,446
132-URBAN_WEST ARANTHANGI,446
133-NORTH KEERAMANGALAM,446
134-SOUTH KEERAMANGALAM,446
135-SILATTUR,446
136-AVANATHANKOTTAI,446
137-MANAMELKUDY,446
138-KODIKULAM,446
139-AVUDAIYARKOIL,446
140-SUBRAMANIAPURAM,446
141-NAGUDY,446
142-TOWN_ALANGUDY,446
143-WEST_ALANGUDY,446
144-NORTH_ALANGUDY,446
145-THIRUVARANKULAM,446
146-KOTHAMANGALAM,446
147-L.N PURAM,446
148-KARAMBAKUDY,446
149-MALAIYUR,446
150-VETTANVIDUTHY,446
151-PACHIKOTTAI,446
152-PUDUPATTY,446
153-VADAKADU,446
154-VALLATHIRAKKOTTAI,446
155-KARUR,446
156-REGUNATHAPURAM,446
157-SEMPATTYVIDUTHY,446
158-KARUKKAKURICHY,446
159-KOVILUR,446
161-EAST KEERANUR,446
162-NORTH KEERANUR,446
163-SOUTH KEERANUR,446
164-KUMARAMANGALAM,446
165-RURAL_SOUTH MATHUR,446
166-T.NALLUR,446
167-SOUTH VIRALIMALAI,446
168-NORTH VIRALIMALAI,446
169-MELAPATCHAKUDY,446
170-SS_VIRALIMALAI,446
171-KUNNANDARKOIL,446
172-VADUGAPATTY,446
181-ARIMALAM,446
182-NACHANDUPATTY,446
183-RC_PURAM,446
184-THENIPATTY,446
185-THIRUMAYAM,446
186-KARAIYUR,446
187-KULIPIRAI,446
188-RURAL_PONNAMARAVATHY,446
189-URBAN_PONNAMARAVATHY,446
561-Thiruvarur South,447
562-Thiruvarur Town,447
563-Katchanam,447
564-Adiyakamangalam,447
565-Thiruvarur West,447
566-Koradachery,447
567-Kodavasal,447
568-Nannilam,447
569-Peralam,447
570-Adambar,447
571-Poonthottam,447
572-Velangudy,447
573-Thiruvarur North,447
574-Srivanjiyam,447
575-Valangaiman,447
576-Alangudi,447
581-West Mannargudi,447
582-Mannargudi Town I,447
583-Mannargudi Town II,447
584-Ullikottai,447
585-North Mannargudi,447
586-East Mannargudi,447
587-Koothanallur,447
588-Vadapathimangalam,447
589-Vaduvoor,447
590-Needamangalam,447
591-Kovilveni,447
592-Thiruthuraipoondi Town,447
593-Rural Thiruthuraipoondi,447
594-Kottur,447
595-Muthupet,447
596-Pallankoil,447
597-Peraiyur,447
598-Edamelaiyur,447
599-Paravakottai,447
600-Thirumakottai,447
201-Nehuruji nagar,450
202-Nagal nagar,450
203-Begampur,450
204-Pandiyan nagar,450
205-Angu nagar,450
206-Kamatchipuram,450
207-Rockfort,450
208-NGO colony,450
209-Kulathur,450
210-Sukkampatty,450
211-Thadicombu,450
212-Eriodu,450
213-Poothampatty,450
214-Kovilur,450
215-Vallipatty,450
216-Town Guziliyamparai,450
217-Rural Guziliyamparai,450
218-Palayam,450
219-Chatrapatty,450
220-Busstand,450
221-Town Natham,450
222-Sirugudi,450
223-Sendurai,450
224-West Natham,450
225-V kurubampatty,450
226-Gopal patty,450
227-Town Vadamadurai,450
228-Rural vadamadurai,450
229-Ayyalur,450
230-Thamaraipady,450
231-chinnalapatty,450
232-Gandhigramam,450
233-Panjampatty,450
234-Sembatty,450
235-Rural East  Dgl,450
236-Balakrishnapuram,450
237-Siluvathur,450
238-Ponnagaram,450
241-Town  Batlagundu,450
242-Rural West Batlagundu,450
243-Viruveedu,450
244-Rural East Batlagundu,450
245-Ayyampalayam,450
246-Sithayankottai,450
247-Ammayanayakanur,450
248-Town nilakottai,450
249-Rural Nilakottai,450
250-Ramarajapuram,450
251-East kodaikanal,450
252-West Kodaikanal,450
253-Rural kodaikanal,450
254-Thandikudy,450
255-Pannaikadu,450
261-Town ODC,450
262-Amplikai,450
263-Virupatchi,450
264-Kethaiyurambu,450
265-Markampatty,450
266-Edayakottai,450
267-K Keeranur,450
268-East Kallimanthayam,450
269-West Kallimanthayam,450
270-North Kallimanthayam,450
271-Kannivady,450
272-moolachatram,450
273-Pannaipatty,450
274-Vedasandur,450
275-Vellanampatty,450
276-senankottai,450
277-Kalwarpatty,450
281-Town Palani,450
282-Adivaram Palani,450
283-Rural  South Palani,450
284-Pappampatty,450
285-Ayakudy,450
286-East chatrapatty,450
287-West chatrapatty,450
288-Thoppampatty,450
289-MA keeranur,450
290-Chinnakalayampudur,450
291-North Palani,450
292-Saminathapuram,450
293-Neikkarapatty,450
105-KARUPPAYURNI,452
108-KADACHANENDAL,452
109-ALAGARKOVIL,452
110-TOWN MELUR,452
111-RURAL EAST MELUR,452
112-KEELAIYUR,452
113-KARUNGALAKUDY,452
114-KOTTAMPATTY,452
115-RURAL WEST MELUR,452
116-RURAL SOUTH MELUR,452
117-NARASINGAMPATTY,452
118-OTHAKADAI,452
120-URANGANPATTY,452
121-VIRAGANOOR,452
122-PANAIYUR,452
123-PERUNGUDI,452
131-TOWN THIRUMANGALAM,452
132-NORTH THIRUMANGALAM,452
133-SOUTH THIRUMANGALAM,452
134-KALLIGUDI,452
135-SENGULAM,452
136-INDUSTRIAL ESTATE,452
137-EAST THIRUMANGALAM,452
138-WEST THIRUMANGALAM,452
139-TOWN T.KALLUPATTY,452
140-RURAL T.KALLUPATTY,452
141-PERAIYUR,452
142-SAPTUR,452
143-DISTRIBUTION KAPPALUR,452
144-RURAL THIRUPARANKUNDRAM,452
154-KEELAMATHUR,452
156-VADIPATTY,452
158-TOWN SHOLAVANDAN,452
160-RURAL SHOLAVANDAN,452
162-VICKRAMANGALAM,452
164-AYYANGOTTAI,452
166-ALANGANALLUR,452
168-PALAMEDU,452
170-RURAL SAMAYANALLUR,452
172-KOODAL NAGAR,452
175-ALWAR NAGAR,452
176-CHECKANOORNI,452
177-SINDUPATTY,452
178-VALANDUR,452
179-UTHAPPANAICKANUR,452
180-WEST USILAMPATTY,452
183-TOWN USILAMPATTY,452
184-RURAL NORTH USILAMPATTY,452
185-RURAL SOUTH USILAMPATTY,452
186-CHINNAKATTALAI,452
189-T.RAMANATHAPURAM,452
190-M.KALLUPATTY,452
191-TOWN ELUMALAI,452
192-RURAL ELUMALAI,452
401-NORTH KARAIKUDI,460
402-SOUTH KARAIKUDI,460
403-RURAL KARAIKUDI,460
406-KANADUKATHAN,460
407-PUDUVAYAL,460
408-KALLAL,460
409-KANDRAMANIKAM,460
415-TOWN DEVAKOTTAI,460
416-NORTH DEVAKOTTAI,460
417-SOUTH DEVAKOTTAI,460
426-TOWN MANAMADURAI,460
427-RURAL MANAMADURAI,460
428-RAJAGAMBEERAM,460
429-THIRUPACHETHY,460
435-WEST THIRUPUVANAM,460
436-EAST THIRUPUVANAM,460
437-POOVANTHI,460
438-KEELADI,460
440-TOWN ILAYANGUDI,460
441-RURAL ILAYANGUDI,460
442-SALAIGRAMAM,460
451-TOWN SIVAGANGAI,460
452-RURAL SIVAGANGAI,460
453-MADAGUPATTY,460
454-MALAMPATTY,460
460-KALAYAR KOIL,460
461-NATTARASANKOTTAI,460
462-MARAVAMANGALAM,460
476-TOWN THIRUPATHUR,460
477-NORTH THIRUPATHUR,460
478-SOUTH THIRUPATHUR,460
479-A.THEKKUR,460
485-SINGAMPUNARY,460
486-S.PUDUR,460
487-PULUTHIPATTI,460
488-SV.MANGALAM,460
201-TOWN EAST ARUPPUKOTTAI,462
202-TOWN WEST ARUPPUKOTTAI,462
203-TOWN NORTH ARUPPUKOTTAI,462
204-PANDALGUDI,462
207-TIRUCHULI,462
208-PARALACHI,462
209-MUTHURAMALINGAPURAM,462
210-PALAYAMPATTY,462
211-RURAL ARUPPUKOTTAI,462
214-NORTH KARIAPATTY,462
215-SOUTH KARIAPATTY,462
216-VEERACHOLAN,462
220-TOWN SOUTH VIRUDHUNAGAR,462
221-TOWN EAST VIRUDHUNAGAR,462
222-TOWN WEST VIRUDHUNAGAR,462
226-MALLANKINAR,462
227-RURAL SOUTH VIRUDHUNAGAR,462
228-RURAL NORTH VIRUDHUNAGAR,462
229-SOOLAKKARAI,462
230-PANDIAN NAGAR,462
233-THULUKKAPATTY,462
234-AMATHUR,462
237-TOWN EAST SIVAKASI,462
238-TOWN WEST SIVAKASI,462
239-TOWN NORTH SIVAKASI,462
240-SS SIVAKASI,462
241-TIRUTHANGAL,462
242-PARAIPATTY,462
243-VEMBAKOTTAI,462
244-SENGAMALANATCHIARPURAM,462
245-TOWN SATTUR,462
246-RURAL EAST SATTUR,462
247- SATTUR,462
248-N.SUBBIAHPURAM,462
249-ELAYIRAMPANNAI,462
250-SITHURAJAPURAM,462
257-MARKET BAZAR,462
258-TOWN WEST SRIVILLIPUTTUR,462
259-TOWN EAST SRIVILLIPUTTUR,462
263-VALAYAPATTY,462
264-KUNNUR,462
265-PADIKKASUVAITHANPATTY,462
266-RURAL NORTH SRIVILLIPUTTUR,462
267-MAMSAPURAM,462
268-MALLIPUTHUR,462
269-RURAL SOUTH SRIVILLIPUTTUR,462
272-TOWN WATRAP,462
273-EAST WATRAP,462
274-WEST WATRAP,462
275-SUNDARAPANDIYAM,462
276-KOOMAPATTY,462
279-TOWN SOUTH RAJAPALAYAM,462
280-TOWN EAST RAJAPALAYAM,462
281-TOWN NORTH RAJAPALAYAM,462
282-TOWN WEST RAJAPALAYAM,462
283-THOTTIAPATTY,462
284-AVARAMPATTY,462
285-CHATRAPATTY,462
286-ASILAPURAM,462
287-VADAKUVENGANALLUR,462
288-SEITHUR,462
289-KRISHNAPURAM,462
292- DHALAVAIPURAM,462
293-RURAL DHALAVAIPURAM,462
296-RURAL ALANGULAM,462
297-KALLAMANAICKENPATTY,462
298-KEELARAJAKULARAMAN,462
001-Tamukkam,463
002-Race Course,463
003-Sellur,463
004-Tagore Nagar,463
005-Chokikulam,463
006-K Pudur,463
007-AEE  KK Nagar,463
008-Annanagar,463
009-Melamadai,463
015-Rural Thiruppalai,463
016-Anaiyur,463
017-Athikulam,463
021-Subramaniyapuram,463
022-Arapalayam,463
024-TamilSangam,463
025-TownHall,463
026-Yanikkal,463
027-Theppam,463
028-Munichalai,463
029-Keelavasal,463
031-KOIL,463
032-Mahal,463
033-Mahalipatti,463
034-Jansi,463
036-Arasamaram,463
037-Rural Anuppanadi,463
038-Chinthamani,463
041-Urban North Arasaradi,463
042-Urban South Arasaradi,463
044-Vilangudi,463
045-Urban West Arasaradi,463
046-PP Chavadi,463
048-Palanganatham,463
050-SS Colony,463
051-Pasumalai,463
052-TVS Nagar,463
053-Town Thiruparankundaram,463
055-Jaihindipuram,463
056-Jeevanagar,463
057-Gnanaolivupuram,463
064-Avaniyapuram,463
066-Villapuram,463
301-KALUGUMALAI,470
302-ETTAYAPURAM,470
303-KADALAIYUR,470
304-NALATINPUDUR,470
305-KAYATHAR,470
306-KADAMBUR,470
307-EPPODUMVENDRAN,470
308-PASUVANTHANAI,470
311-TOWN EAST KOVILPATTI,470
312-TOWN WEST KOVILPATTI,470
313-VELAYUTHAPURAM,470
314-TOWN SOUTH KOVILPATTI,470
321-RURAL KOVILPATTI,470
341-MATTAKADAI,470
342-CHIDAMBARANAGAR,470
343-BEACH ROAD,470
344-TOOVIPURAM,470
345-SHANMUGAPURAM,470
346-STATE BANK COLONY,470
347-RURAL NORTH TUTICORIN,470
348-MUTHIAHPURAM,470
349-MULLAKADU,470
350-SIPCOT,470
351-OTTAPIDARAM,470
352-PUTHIAMPUTHUR,470
353-OTTANATHAM,470
354-PULIAMPATTI,470
361-TIRUCHENDUR,470
362-KAYAMOZHI,470
363-PARAMANKURICHI,470
364-KAYALPATINAM,470
365-ARUMUGANERI,470
366-KURUMBUR,470
367-SATHANKULAM,470
368-RURAL SATHANKULAM,470
369-PALANIAPPAPURAM,470
370-NAZARETH,470
371-ALWARTHIRUNAGARI,470
372-MEIGNANAPURAM,470
373-UDANGUDY,470
374-RURAL UDANGUDY,470
375-PADUKAPATHU,470
376-NADUVAKURICHI,470
381-PUDUKKOTTAI,470
382-VALLANADU,470
383-KULATHUR,470
384-SAWYERPURAM,470
385-PAZHAYAKAYAL,470
386-VILATHIKULAM,470
387-SOORANGUDY,470
388-NAGALAPURAM,470
389-PUDUR,470
390-SRIVAIKUNDAM,470
391-RURAL SRIVAIKUNDAM 1,470
392-ERAL,470
393-SEYDUNGANALLUR,470
001-JUNCTION,472
002-PERUMALPURAM,472
003-MAHARAJANAGAR,472
004-MELAPALAYAM I,472
005-MELAPALAYAM II,472
006-TOWN,472
007-THACHANALLUR,472
008-PALAYAPETTAI,472
009-PETTAI,472
010-SAMATHANAPURAM,472
011-V.M.CHATRAM,472
012-VANNARPETTAI,472
013-RURAL NORTH   TIRUNELVELI,472
014-MANUR,472
015-VANNIKONENDAL,472
016-DEVARKULAM,472
017-ALANGULAM SS,472
018-ALANGULAM TOWN,472
019-ALANGULAM RURAL,472
020-UTHUMALAI,472
021-VENKATESWARAPURAM,472
022-THALAI YUTHU TOWN,472
023-GANGAIKONDAN,472
024-NANGUNERI TOWN,472
025-NANGUNERI RURAL,472
026-MUNANJIPATTI,472
027-MOOLAIKARAIPATTI,472
028-TENKASI SS,472
029-TENKASI TOWN,472
030-COUTRALLAM,472
031-TENKASI RURAL,472
032-AYIKUDI,472
033-SHENCOTTAI TOWN,472
034-SHENCOTTAI RURAL,472
035-SURANDAI SS,472
036-SURANDAI RURAL,472
037-KEELAPAVOOR,472
038-VK PUDHUR,472
039-AVUDAIYANOOR,472
040-SANKARANKOVIL TOWN I,472
041-SANKARANKOVIL TOWN II,472
042-KURUKKALPATTI,472
043-PAZHAMKOTTAI,472
044-SANKARANKOVIL RURAL,472
045-KARIVALAMVANTHANALLUR,472
046-PERUMALPATTI,472
047-KALINGAPATTI,472
048-TIRUVENGADAM,472
049-KURUVIKULAM,472
050-KALLIDAIKURICHI,472
051-VEERAVANALLUR,472
052-MANJOLAI,472
053-VK PURAM TOWN,472
054-VK PURAM SS,472
055-ALWARKURICHI,472
056-LOWER CAMP,472
057-AMBASAMUTHIRAM TOWN,472
058-AMBASAMUTHIRAM RURAL,472
059-PAPPAKUDI,472
060-KADAYAM,472
061-CHERANMAHADEVI,472
062-GOPALASAMUTHIRAM,472
063-MUKKUDAL,472
064-VALLIYOOR,472
065-RADHAPURAM,472
066-KALLIKULAM,472
067-KOODANKULAM,472
068-PANAGUDI,472
069-VADAKKANKULAM,472
070-LEVENJIPURAM,472
071-PERUNGUDI,472
072-THISAYANVILAI TOWN,472
073-THISAYANVILAI RURAL,472
074-ITAMOZHI,472
075-KOTTAIKARUNKULAM,472
076-ERUVADI,472
077-KALAKAD TOWN,472
078-KALAKAD RURAL,472
079-TIRUKKURUNGUDI,472
080-KADAYANALLUR TOWN I,472
081-KADAYANALLUR RURAL,472
082-KADAYANALLUR TOWN II,472
083-SENDAMARAM,472
084-NAINARAGARAM,472
085-VEERASIGAMANI,472
086-PULIANGUDI TOWN,472
087-PULIANGUDI RURAL NORTH,472
088-MULLIKULAM,472
089-SIVAGIRI TOWN,472
090-RAYAGIRI,472
091-VASUDEVANALLUR,472
092-PULIANGUDI RURAL SOUTH,472
093-REDDIARPATTI,472
094-SANTHINAGAR,472
095-SUTHAMALLI,472
096-THALAIYUTHU TOWN II,472
097-ADAIKALAPATTINAM,472
098-SUNDARAPANDIAPURAM,472
099-PAVOORCHATARM,472
100-VADAKARAI,472
101-TENKASI TOWN II,472
102-KADAYANALLUR SOUTH,472
103-SIVAGIRI RURAL,472
111-VADASERY,474
112-KRISHNANCOIL,474
113-ASARIPALLAM,474
114-PARVATHIPURAM,474
121-KOTTAR,474
122-MEENAKSHIPURAM,474
123-VALLANKUMARAN VILAI,474
124-RAJAKKAMANGALAM,474
125-ETHAMOZHY,474
131-BOOTHAPONDY,474
132-ALAGIYAPANDIYAPURAM,474
133-ARALVOIMOZHY,474
134-THOVALAI,474
141-SUCHINDRAM,474
142-KANYAKUMARI,474
143-KOTTARAM,474
144-THENGAMPUTHUR,474
145-MYLAUDY,474
146-KEELAKRISHNANPUTHUR,474
151-THUCKALAY,474
152-MOOLACHEAL,474
153-THICKANAMCODE,474
154-VELLICHANTHAI,474
161-KULASEKARAN URBAN,474
162-KULASEKARAM RURAL,474
163-THIRUVATTAR,474
171-ERANIEL,474
172-COLACHEAL,474
173-CHEMPONVILAI,474
174-MANAVALAKURICHI,474
175-PARASERY,474
181-MARTHANDAM,474
182-KUZHITHURAI,474
183-ARUMANAI,474
184-KALIYAKKAVILAI,474
185-PUTHANCHANTHAI,474
186-KANNUMAMOODU,474
187-KALIYAL,474
191-PUTHUKADAI,474
192-KARUNGAL,474
193-KOLLENCODE,474
194-NAMBOLY,474
195-ERAVIPUTHUKADAI,474
196-KILLIYUR,474
197-PALLIYADY,474
198-SURYACODE,474
501-Town Theni,476
502-North Theni,476
503-P.C.Patti,476
504-Veerapandi,476
506-Rural East Theni,476
507-Rural West Theni,476
508-Rural South Theni,476
509-Gandamanur,476
511-Town Bodi,476
512-East Bodi,476
513-Rural West Bodi,476
516-Rasingapuram,476
517-Thevaram I,476
518-Thevaram II,476
521-East Periyakulam,476
522-Madurapuri,476
523-Thamaraikulam,476
524-Jeyamangalam,476
526-Town Periyakulam,476
527-Keelavadagarai,476
528-Devathapatti,476
531-Town Aundipatti,476
532-East Aundipatti,476
533-Vaigai,476
534-North Aundipatti,476
536-West Aundipatti,476
537-South Aundipatti,476
538-Kadamalaigundu,476
539-Myladumparai,476
541-Town Chinnamanur,476
542-Rural Chinnamanur,476
543-Margayankottai,476
544-Erasackanickanur,476
546-Kamatchipuram,476
547-Odaipatti,476
551-Town Uthamapalayam,476
552-K.K.Patti,476
553-Kombai,476
556-Town Cumbum,476
557-Rural Cumbum,476
558-Gudalur,476
559-Surulipatti,476
560-North Cumbum,476
301-SOUTH RMD,478
302-NORTH RAMNAD,478
303-KEELAKARAI,478
304-REGUNATHAPURAM,478
305-DEVIPATTINAM,478
306-RURAL RAMNAD,478
307-RAMESHWARAM,478
308-MANDABAM,478
309-UCHIPULI,478
310-PANAIKULAM,478
311-T.U.MANGAI,478
312-DIST TVDAI,478
313-SS TVDI,478
314-RS MANGALAM,478
315-THONDI,478
341-T SOUTH PMK,478
342-T NORTH PMK,478
343-RURAL PMK,478
344-PARTHIBANUR,478
345-NAINORKOIL,478
346-SATRAKUDI,478
347-KAMUTHI TOWN,478
348-SOUTH KMDI,478
349-NORTH KAMUTHI,478
350-PERUNALI,478
351-ABIRAMAM,478
352-MUDUKULATHUR,478
353-KADALADI,478
354-SAYALKUDI,478
355-SIKKAL,478
401-COMMERCIALROAD,482
402-ETTINESROAD,482
403-LAKEVIEW,482
404-THALAIKUNDHA,482
405-THUMMANATTY,482
406-YELLANALLY,482
407-MPALADA,482
408-GUDALUR TOWN,482
409-LOWER GUDALUR,482
410-TOWN SOUTH,482
411-DEVARSHOLA,482
412-PANDALUR,482
413-CHERAMBADY,482
414-DENADUCOMBAI,482
415-HOSPITAL ROAD,482
416-UPPATTY,482
417-MASINAGUDI,482
418-TAMILAGAM,482
419-PYKARA,482
420-AYYANKOLLY,482
421-SIMSPARK,482
422-MOUNT ROAD,482
423-MOUNT PLESENT,482
424-YEDAPALLI,482
425-GLENDALE,482
426-SELAS,482
427-HUBBATHALAI,482
428-KUNDHA,482
429-ADIGRATTY,482
430-HARUKUCHI,482
431-TOWN KOTHAGIRI,482
432-ARAVENU,482
433-WESTBROOKE,482
434-RURAL KOTHAGIRI,482
435-KIL KOTHAGIRI,482
436-NEDUGULA,482
437-BARRACKS,482
438-KATTABETTU,482
439-YEDAKAD,482
